university_id,normalized_name,university_name,country
U000005,abbes laghrour university of khenchala,Abbes Laghrour University of Khenchala,Algeria
U000007,abdelhafid boussouf university center of mila,Abdelhafid Boussouf University Center of Mila,Algeria
U000014,abo akademi university,Abo Akademi University,Finland
U000017,academician y a buketov karaganda university,Academician Y.A. Buketov Karaganda University,Kazakhstan
U000021,ada kent university,Ada Kent University,Northern Cyprus
U000022,adam mickiewicz university poznan,"Adam Mickiewicz University, Poznań",Poland
U000023,adamawa state university mubi,"Adamawa State University, Mubi",Nigeria
U000028,aecc university college,AECC University College,United Kingdom
U000030,african school of economics,African School of Economics,Benin
U000033,agh university of science and technology,AGH University of Science and Technology,Poland
U000043,aix marseille university,Aix-Marseille University,France
U000047,akdeniz universitesi,Akdeniz Üniversitesi,Turkey
U000049,akfa university,AKFA University,Uzbekistan
U000050,akhmet yassawi university,Akhmet Yassawi University,Kazakhstan
U000053,akli mohand oulhadj bouira university,Akli Mohand Oulhadj Bouira University,Algeria
U000059,al akhawayn university ifrane,Al Akhawayn University Ifrane,Morocco
U000061,al ayen university,Al-Ayen University,Iraq
U000066,al esraa university college,Al-Esraa University College,Iraq
U000072,al imam mohammad ibn saud islamic university,Al Imam Mohammad Ibn Saud Islamic University,Saudi Arabia
U000073,al janad university for science and technology,Al-Janad University for Science and Technology,Yemen
U000074,al karkh university of science,Al-Karkh University of Science,Iraq
U000075,al kitab university,Al-Kitab University,Iraq
U000076,al maarif university college,Al-Maarif University College,Iraq
U000077,al manara college for medical sciences,Al-Manara College for Medical Sciences,Iraq
U000079,al mustaqbal university college,Al-Mustaqbal University College,Iraq
U000081,al nahrain university,Al-Nahrain University,Iraq
U000084,al qalam university college,Al-Qalam University College,Iraq
U000087,al quds university the arab university in jerusalem,Al Quds University The Arab University in Jerusalem,"Palestinian Territory, Occupied"
U000088,al rafidain university college,Al-Rafidain University College,Iraq
U000089,al safwa university college,Al Safwa University College,Iraq
U000094,albert ludwigs universitaet freiburg,Albert-Ludwigs-Universitaet Freiburg,Germany
U000103,alma mater studiorum university of bologna,Alma Mater Studiorum - University of Bologna,Italy
U000106,almazov national medical research centre,Almazov National Medical Research Centre,Russian Federation
U000111,amedeo avogadro university of eastern piedmont,Amedeo Avogadro University of Eastern Piedmont,Italy
U000125,amity university chhattisgarh,"Amity University, Chhattisgarh",India
U000127,amity university gwalior,"Amity University, Gwalior",India
U000129,amity university rajasthan jaipur,"Amity University Rajasthan, Jaipur",India
U000133,anahuac university,Anáhuac University,Mexico
U000136,andijan state medical institute,Andijan State Medical Institute,Uzbekistan
U000137,andijan state pedagogical institute,Andijan State Pedagogical Institute (ASPI),Uzbekistan
U000139,andres bello catholic university,Andrés Bello Catholic University (UCAB),Venezuela
U000142,ankara science university,Ankara Science University,Turkey
U000143,ankara universitesi,Ankara Üniversitesi,Turkey
U000145,ankara yildirim beyazit university,Ankara Yildirim Beyazit University,Turkey
U000146,anna university,Anna University,India
U000148,antonio narino university,Antonio Nariño University,Colombia
U000151,applied science university bahrain,Applied Science University - Bahrain,Bahrain
U000155,arab open university kuwait,Arab Open University – Kuwait,Kuwait
U000156,arab open university lebanon,Arab Open University Lebanon,Lebanon
U000163,arkin university of creative arts and design,Arkin University of Creative Arts and Design (ARUCAD),Northern Cyprus
U000164,armenian state pedagogical university,Armenian State Pedagogical University,Armenia
U000171,asfendiyarov kazakh national medical university,Asfendiyarov Kazakh National Medical University,Kazakhstan
U000173,ashur university,Ashur University,Iraq
U000174,ashur university college,Ashur University College,Iraq
U000175,asia pacific university of technology and innovation,Asia Pacific University of Technology and Innovation (APU),Malaysia
U000176,asia university taiwan,Asia University Taiwan,Taiwan
U000180,ataturk university,Ataturk University,Turkey
U000183,atlm university,Atılım University,Turkey
U000184,atma jaya catholic university jakarta,Atma Jaya Catholic University Jakarta,Indonesia
U000185,atyrau university,Atyrau University,Kazakhstan
U000188,audencia,Audencia,France
U000189,auezov south kazakhstan university,Auezov South Kazakhstan University (SKU),Kazakhstan
U000190,augustine university,Augustine University,Nigeria
U000195,autonomous university of baja california,Autonomous University of Baja California,Mexico
U000196,autonomous university of barcelona,Autonomous University of Barcelona,Spain
U000197,autonomous university of chiapas,Autonomous University of Chiapas,Mexico
U000198,autonomous university of madrid,Autonomous University of Madrid,Spain
U000199,autonomous university of san luis potosi,Autonomous University of San Luis Potosi,Mexico
U000200,autonomous university of sinaloa,Autonomous University of Sinaloa,Mexico
U000205,b s abdur rahman crescent institute of science and technology,B. S. Abdur Rahman Crescent Institute of Science and Technology,India
U000207,babes bolyai university,Babes-Bolyai University,Romania
U000210,bacha khan university charsadda,"Bacha Khan University, Charsadda",Pakistan
U000211,badji mokhtar university annaba,Badji Mokhtar University – Annaba,Algeria
U000219,balochistan university of engineering and technology khuzdar,"Balochistan University of Engineering and Technology, Khuzdar",Pakistan
U000221,bamidele olumilua university of education science and technology ikere ikiti,"Bamidele Olumilua University of Education, Science and Technology, Ikere-Ikiti",Nigeria
U000224,bandirma onyedi eylul university,Bandirma Onyedi Eylül University,Turkey
U000226,bangabandhu sheikh mujibur rahman agricultural university,Bangabandhu Sheikh Mujibur Rahman Agricultural University,Bangladesh
U000232,barawa international university,Barawa International University,Somalia
U000241,bayero university,Bayero University,Nigeria
U000260,belgorod state national research university,Belgorod State National Research University,Russian Federation
U000267,bernardo ohiggins university,Bernardo O’Higgins University,Chile
U000269,bezmialem vakif university,Bezmiâlem Vakif University,Turkey
U000270,bharath institute of higher education and research,Bharath Institute of Higher Education and Research,India
U000272,bharati vidyapeeth university,Bharati Vidyapeeth University,India
U000277,bilecik seyh edebali university,Bilecik Şeyh Edebali University,Turkey
U000279,bina nusantara university,Bina Nusantara University (BINUS),Indonesia
U000280,binghamton university suny,Binghamton University SUNY,United States
U000285,birmingham newman university,Birmingham Newman University,United Kingdom
U000289,blida 1 university,Blida 1 University,Algeria
U000291,bogazici universitesi,Bogaziçi Üniversitesi,Turkey
U000293,bogor agricultural university,Bogor Agricultural University,Indonesia
U000294,bohdan khmelnytsky national university of cherkasy,Bohdan Khmelnytsky National University of Cherkasy,Ukraine
U000295,bolu abant izzet baysal university,Bolu Abant Izzet Baysal University,Turkey
U000303,bozok university,Bozok University,Turkey
U000312,brunel university london,Brunel University London,United Kingdom
U000317,bukhara engineering technological institute,Bukhara Engineering Technological Institute,Uzbekistan
U000318,bukhara state medical institute,Bukhara State Medical Institute,Uzbekistan
U000324,bursa uludag university,Bursa Uludağ University,Turkey
U000333,campus bio medico university of rome,Campus Bio-Medico University of Rome,Italy
U000334,canadian international college cairo,Canadian International College (CIC) – Cairo,Egypt
U000335,canadian university dubai,Canadian University Dubai,United Arab Emirates
U000336,cankaya university,Cankaya University,Turkey
U000341,capital university of science and technology islamabad,"Capital University of Science and Technology, Islamabad",Pakistan
U000345,carlos iii university of madrid,Carlos III University of Madrid,Spain
U000348,catania university,Catania University,Italy
U000351,catholic university of brasilia,Catholic University of Brasília,Brazil
U000352,catholic university of portugal,Catholic University of Portugal,Portugal
U000353,catholic university of the north,Catholic University of the North,Chile
U000354,catholic university of the sacred heart,Catholic University of the Sacred Heart,Italy
U000355,catolica de cordoba,Católica de Córdoba,Argentina
U000357,cbs international business school,CBS International Business School,Germany
U000358,ceara state university,Ceará State University,Brazil
U000360,cecos university of it and emerging sciences,CECOS University of IT and Emerging Sciences,Pakistan
U000367,centrale nantes,Centrale Nantes,France
U000368,centralesupelec,CentraleSupélec,France
U000369,centro de estudios para la calidad educativa y la investigacion cientifica,Centro de Estudios para la Calidad Educativa y la Investigación Científica (CECEIC),Mexico
U000370,centro federal de educacao tecnologica celso suckow da fonseca,Centro Federal de Educação Tecnológica Celso Suckow da Fonseca (CEFET-RJ),Brazil
U000371,centro universitario cesuca,Centro Universitário Cesuca,Brazil
U000372,centro universitario de jaguariuna,Centro Universitário de Jaguariúna,Brazil
U000373,centro universitario max planck,Centro Universitário Max Planck,Brazil
U000375,ces university,CES University,Colombia
U000376,cesar ritz colleges switzerland,César Ritz Colleges Switzerland,Switzerland
U000378,ceu universities,CEU Universities,Spain
U000388,charite universitatsmedizin berlin,Charité - Universitätsmedizin Berlin,Germany
U000392,charles university in prague,Charles University in Prague,Czech Republic
U000396,chernihiv national university of technology,Chernihiv National University of Technology,Ukraine
U000403,china medical university taiwan,"China Medical University, Taiwan",Taiwan
U000407,china university of geosciences wuhan,"China University of Geosciences, Wuhan",China
U000409,china university of petroleum,China University of Petroleum,China (Mainland)
U000416,chittagong university of engineering and technology,Chittagong University of Engineering and Technology,Bangladesh
U000421,christ university bengaluru india,Christ University Bengaluru India,India
U000422,christian albrechts university zu kiel,Christian-Albrechts-University zu Kiel,Germany
U000436,city university of science and information technology peshawar,"City University of Science and Information Technology, Peshawar",Pakistan
U000437,civil aviation academy,Civil Aviation Academy,Kazakhstan
U000440,claude bernard university lyon 1,Claude Bernard University Lyon 1,France
U000443,coal city university,Coal City University,Nigeria
U000445,colegio de mexico,Colegio de México,Mexico
U000447,college of william and mary,College of William and Mary,United States
U000450,colorado state university fort collins,"Colorado State University, Fort Collins",United States
U000453,comenius university in bratislava,Comenius University in Bratislava,Slovakia
U000454,comillas pontifical university,Comillas Pontifical University,Spain
U000456,complutense university of madrid,Complutense University of Madrid,Spain
U000470,cross river university of technology,Cross River University of Technology,Nigeria
U000472,cuny the city college of new york,CUNY The City College of New York,United States
U000474,cy cergy paris university,CY Cergy Paris University,France
U000475,cyprus health and social sciences university,Cyprus Health and Social Sciences University,Northern Cyprus
U000478,czech university of life sciences in prague,Czech University of Life Sciences in Prague,Czech Republic
U000481,d serikbayev east kazakhstan technical university,D. Serikbayev East Kazakhstan Technical University,Kazakhstan
U000491,daneshpajoohan pishro higher education institute,Daneshpajoohan Pishro Higher Education Institute,Iran
U000499,del rosario university,Del Rosario University,Colombia
U000502,delta state university abraka,"Delta State University, Abraka",Nigeria
U000507,derzhavin tambov state university,Derzhavin Tambov State University,Russian Federation
U000513,diego portales university,Diego Portales University,Chile
U000514,dijlah university,Dijlah University,Iraq
U000518,dokuz eylul universitesi,Dokuz Eylül Üniversitesi,Turkey
U000520,don bosco university,Don Bosco University,India
U000522,donetsk national university of economics and trade named after mykhailo tuhan baranovsky,Donetsk National University of Economics and Trade named after Mykhailo Tuhan-Baranovsky (DonNUET),Ukraine
U000526,dostoevsky omsk state university,Dostoevsky Omsk State University,Russian Federation
U000527,dovletmammet azadi turkmen national institute of world languages,Dovletmammet Azadi Turkmen National Institute of World Languages,Turkmenistan
U000536,dumlupinar university,Dumlupinar University,Turkey
U000541,duzce university,Duzce University,Turkey
U000543,eafit university,EAFIT University,Colombia
U000544,ean university,EAN University,Colombia
U000550,eberhard karls universitat tubingen,Eberhard Karls Universität Tübingen,Germany
U000552,ebs business school,EBS Business School,Germany
U000554,ecole de psychologues praticiens,École de Psychologues Praticiens,France
U000555,ecole des mines de saint etienne,École des Mines de Saint-Étienne,France
U000556,ecole des ponts paristech,Ecole des Ponts ParisTech,France
U000557,ecole national polytechnique de constantine,École National Polytechnique de Constantine,Algeria
U000559,ecole nationale polytechnique,École Nationale Polytechnique,Algeria
U000560,ecole nationale polytechnique doran maurice audin,École Nationale Polytechnique d’Oran Maurice Audin,Algeria
U000562,ecole nationale superieure agronomique algiers,"École Nationale Supérieure Agronomique, Algiers",Algeria
U000563,ecole nationale superieure de biotechnologie taoufik khaznadar,École Nationale Supérieure de Biotechnologie Taoufik Khaznadar (ENSB),Algeria
U000564,ecole nationale superieure de management kolea,École Nationale Supérieure de Management Koléa,Algeria
U000565,ecole nationale superieure des sciences de la mer et de lamenagement du littoral,École Nationale Supérieure des Sciences de la Mer et de l’Aménagement du Littoral (ENSSMAL),Algeria
U000567,ecole nationale superieure veterinaire dalger,École Nationale Supérieure Vétérinaire d’Alger,Algeria
U000568,ecole normale superieure de bechar,École Normale Supérieure de Béchar,Algeria
U000569,ecole normale superieure de bouzareah,École Normale Supérieure de Bouzaréah,Algeria
U000571,ecole normale superieure de laghouat,École Normale Supérieure de Laghouat,Algeria
U000573,ecole normale superieure doran,École Normale Supérieure d’Oran,Algeria
U000574,ecole normale superieure el katiba assia djebar constantine,École Normale Supérieure El Katiba Assia Djebar Constantine (ENSC),Algeria
U000575,ecole normale superieure paris,"Ecole normale supérieure, Paris",France
U000577,ecole polytechnique,Ecole Polytechnique,France
U000580,ecole superieure de comptabilite et de finances de constantine,École Supérieure de Comptabilité et de Finances de Constantine,Algeria
U000581,ecole superieure en informatique 8 mai 1945 de sidi bel abbes,École Supérieure en Informatique 8 Mai 1945 de Sidi-Bel-Abbès,Algeria
U000583,ecole superieure en sciences biologiques doran,École Supérieure en Sciences Biologiques d’Oran (ESSBO),Algeria
U000584,ecole superieure en sciences et technologies de linformatique et du numerique,École Supérieure en Sciences et Technologies de l’Informatique et du Numérique (ESTIN),Algeria
U000597,el bosque university,El Bosque University,Colombia
U000602,ens paris saclay,ENS Paris-Saclay,France
U000603,ensta bretagne,ENSTA Bretagne,France
U000605,epfl,EPFL,Switzerland
U000607,erciyes universitesi,Erciyes Üniversitesi,Turkey
U000611,escp business school paris,ESCP Business School - Paris,France
U000612,escuela politecnica nacional,Escuela Politécnica Nacional,Ecuador
U000613,escuela superior politecnica de chimborazo,Escuela Superior Politécnica de Chimborazo,Ecuador
U000614,escuela superior politecnica del litoral,Escuela Superior Politécnica del Litoral (ESPOL),Ecuador
U000615,esic,ESIC,Spain
U000618,eskisehir technical university,Eskişehir Technical University,Turkey
U000619,essec business school,ESSEC Business School,France
U000620,essex university of,"Essex, University of",United Kingdom
U000624,eth zurich swiss federal institute of technology,ETH Zurich - Swiss Federal Institute of Technology,Switzerland
U000628,european university of madrid,European University of Madrid,Spain
U000629,european university of tunis,European University of Tunis,Tunisia
U000630,european university of valencia,European University of Valencia,Spain
U000631,evangel university akaeze,"Evangel University, Akaeze",Nigeria
U000633,externado university of colombia,Externado University of Colombia,Colombia
U000637,federal rural university of pernambuco,Federal Rural University of Pernambuco,Brazil
U000639,federal university of agriculture abeokuta,"Federal University of Agriculture, Abeokuta",Nigeria
U000640,federal university of alagoas,Federal University of Alagoas,Brazil
U000641,federal university of espirito santo,Federal University of Espírito Santo,Brazil
U000642,federal university of goias,Federal University of Goiás,Brazil
U000643,federal university of itajuba,Federal University of Itajubá,Brazil
U000644,federal university of kashere,Federal University of Kashere,Nigeria
U000645,federal university of lafia,Federal University of Lafia,Nigeria
U000646,federal university of latin american integration,Federal University of Latin American Integration (UNILA),Brazil
U000647,federal university of lavras,Federal University of Lavras,Brazil
U000648,federal university of mato grosso do sul,Federal University of Mato Grosso do Sul,Brazil
U000649,federal university of minas gerais,Federal University of Minas Gerais,Brazil
U000650,federal university of para,Federal University of Pará,Brazil
U000651,federal university of paraiba,Federal University of Paraí­ba (UFPB),Brazil
U000652,federal university of pelotas,Federal University of Pelotas,Brazil
U000653,federal university of pernambuco,Federal University of Pernambuco,Brazil
U000654,federal university of petroleum resources effurun,"Federal University of Petroleum Resources, Effurun",Nigeria
U000655,federal university of piaui,Federal University of Piauí,Brazil
U000656,federal university of rio de janeiro,Federal University of Rio de Janeiro,Brazil
U000657,federal university of rio grande do norte,Federal University of Rio Grande do Norte (UFRN),Brazil
U000658,federal university of santa maria,Federal University of Santa Maria,Brazil
U000659,federal university of sao carlos,Federal University of São Carlos,Brazil
U000660,federal university of technology akure,Federal University of Technology Akure,Nigeria
U000663,federal university of the state of rio de janeiro,Federal University of the State of Rio de Janeiro (UNIRIO),Brazil
U000664,federal university of tocantins,Federal University of Tocantins,Brazil
U000665,federal university of toulouse midi pyrenees,Federal University of Toulouse Midi-Pyrénées,France
U000666,federal university of uberlandia,Federal University of Uberlândia,Brazil
U000667,federal university of vales do jequitinhonha e mucuri,Federal University of Vales do Jequitinhonha e Mucuri,Brazil
U000668,federal university of vicosa,Federal University of Viçosa,Brazil
U000669,federation university australia,Federation University Australia,Australia
U000673,fergana medical institute of public health,Fergana Medical Institute of Public Health,Uzbekistan
U000674,fergana polytechnic institute,Fergana Polytechnic Institute,Uzbekistan
U000675,fergana state university,Fergana State University,Uzbekistan
U000676,ferhat abbas setif university 1,Ferhat Abbas Sétif University 1,Algeria
U000677,financial university under the government of the russian federation,Financial University under the Government of the Russian Federation,Russia
U000679,firat university,Firat University,Turkey
U000680,first technical university,First Technical University,Nigeria
U000684,florida atlantic university boca raton,Florida Atlantic University - Boca Raton,United States
U000688,fluminense federal university,Fluminense Federal University,Brazil
U000693,free university of berlin,Free University of Berlin,Germany
U000695,freie universitaet berlin,Freie Universitaet Berlin,Germany
U000707,fundacao oswaldo cruz,Fundação Oswaldo Cruz,Brazil
U000708,fundacion ceu san pablo,Fundación CEU San Pablo,Spain
U000709,fundacion universidad de bogota jorge tadeo lozano,Fundación Universidad De Bogotá-Jorge Tadeo Lozano,Colombia
U000713,gabriele dannunzio university,Gabriele d‘Annunzio University,Italy
U000714,gadjah mada university,Gadjah Mada University,Indonesia
U000715,gangadhar meher university,Gangadhar Meher University,India
U000717,gazi universitesi,Gazi Üniversitesi,Turkey
U000722,gebze yuksek teknoloji enstitusu,Gebze Yüksek Teknoloji Enstitüsü (GYTE),Turkey
U000724,george emil palade university of medicine pharmacy science and technology of targu mures,"George Emil Palade University of Medicine, Pharmacy, Science, and Technology of Targu Mures",Romania
U000744,goethe university frankfurt am main,Goethe-University Frankfurt am Main,Germany
U000753,government college women university sialkot,"Government College Women University, Sialkot",Pakistan
U000759,grenoble alpes university,Grenoble Alpes University,France
U000772,gulf university for science and technology,Gulf University for Science and Technology,Kuwait
U000781,hagoromo university of international studies,Hagoromo University of International Studies,Japan
U000796,harokopio university,Harokopio University,Greece
U000805,hazara university mansehra,Hazara University Mansehra,Pakistan
U000808,hec paris school of management,HEC Paris School of Management,France
U000813,herzen state pedagogical university of russia,Herzen State Pedagogical University of Russia,Russian Federation
U000814,higher national school of renewable energies environment and sustainable development,"Higher National School of Renewable Energies, Environment and Sustainable Development",Algeria
U000815,higher school of agronomy mostaganem,Higher School of Agronomy – Mostaganem (ESAM),Algeria
U000816,higher school of management and digital economy,Higher School of Management and Digital Economy (HSMDE),Algeria
U000817,higher school of management tlemcen,Higher School of Management – Tlemcen,Algeria
U000818,hilla university college,Hilla University College,Iraq
U000824,hitit university,Hitit University,Turkey
U000828,hodeida university,Hodeida University,Yemen
U000840,hse university,HSE University,Russia
U000846,hufs hankuk university of foreign studies,HUFS - Hankuk (Korea) University of Foreign Studies ,South Korea
U000848,humboldt state university,Humboldt State University,United States
U000850,humboldt university of berlin,Humboldt University of Berlin,Germany
U000852,hungarian university of agriculture and life sciences,Hungarian University of Agriculture and Life Sciences,Hungary
U000853,hyogo college of medicine,Hyogo College of Medicine,Japan
U000858,ibn khaldoun university,Ibn Khaldoun University,Algeria
U000859,ibn tofail university,Ibn Tofaïl University,Morocco
U000863,ifhe hyderabad,IFHE Hyderabad,India
U000866,ilam university of medical sciences,Ilam University of Medical Sciences,Iran
U000871,ilmenau university of technology,Ilmenau University of Technology,Germany
U000873,imam al kadhum college,Imam Al-Kadhum College (IKC),Iraq
U000877,imam mohammad ibn saud islamic university imsiu,Imam Mohammad Ibn Saud Islamic University – IMSIU,Saudi Arabia
U000886,indian institute of science,Indian Institute of Science,India
U000905,indian institute of technology varanasi,Indian Institute of Technology (BHU) Varanasi,India
U000914,information technology university of the punjab,Information Technology University of the Punjab,Pakistan
U000917,inonu university,Inönü University,Turkey
U000919,institut agro,Institut Agro,France
U000921,institut polytechnique de grenoble grenoble institute of technology,Institut polytechnique de Grenoble - Grenoble Institute of Technology,France
U000924,institut teknologi sepuluh nopember,Institut Teknologi Sepuluh Nopember (ITS Surabaya),Indonesia
U000927,institute of engineering technical and transport communications of turkmenistan,"Institute of Engineering, Technical and Transport Communications of Turkmenistan",Turkmenistan
U000928,institute of international relations of the ministry of foreign affairs of turkmenistan,Institute of International Relations of the Ministry of Foreign Affairs of Turkmenistan,Turkmenistan
U000929,institute of southern punjab multan,Institute of Southern Punjab – Multan,Pakistan
U000931,institute of telecommunications and informatics of turkmenistan,Institute of Telecommunications and Informatics of Turkmenistan,Turkmenistan
U000932,institution,institution,location
U000933,instituto politecnico de braganca,Instituto Politécnico de Bragança,Portugal
U000934,instituto politecnico de viana do castelo,Instituto Politécnico de Viana do Castelo,Portugal
U000940,inter state school of veterinary sciences and medicine,Inter-State School of Veterinary Sciences and Medicine,Senegal
U000943,international engineering and technology university,International Engineering and Technology University (METU),Kazakhstan
U000948,international it university,International IT University,Kazakhstan
U000949,international university for the humanities and development,International University for the Humanities and Development,Turkmenistan
U000962,iscte instituto universitario de lisboa,ISCTE - Instituto Universitario de Lisboa,Portugal
U000963,iscte university institute of lisbon,ISCTE-University Institute of Lisbon,Portugal
U000966,islamia college peshawar,Islamia College Peshawar,Pakistan
U000967,islamic azad university najafabad branch,"Islamic Azad University, Najafabad Branch (IAUN)",Iran
U000972,israel technological university,Israel Technological University,Ecuador
U000974,istanbul aydin university,Istanbul Aydin University  ,Turkey
U000976,istanbul bilgi universitesi,Istanbul Bilgi Üniversitesi,Turkey
U000978,istanbul gelisim university,Istanbul Gelişim University,Turkey
U000982,istanbul okan university,Istanbul Okan University,Turkey
U000986,iteso universidad jesuita de guadalajara,"ITESO, Universidad Jesuita de Guadalajara",Mexico
U000988,iubat international university of business agriculture and technology,IUBAT – International University of Business Agriculture and Technology,Bangladesh
U000989,iuliu hatieganu university of medicine and pharmacy cluj napoca,Iuliu Haţieganu University of Medicine and Pharmacy Cluj-Napoca,Romania
U000990,ivan franko national university of lviv,Ivan Franko National University of Lviv,Ukraine
U000991,ivane javakhishvili tbilisi state university,Ivane Javakhishvili Tbilisi State University,Georgia
U000997,izmir university of economics,Izmir University of Economics,Turkey
U000998,jabir ibn hayyan medical university,Jabir ibn Hayyan Medical University,Iraq
U001006,jamia hamdard university,Jamia Hamdard University,India
U001008,jan evangelista purkyne university,Jan Evangelista Purkyně University,Czech Republic
U001009,jan kochanowski university in kielce,Jan Kochanowski University in Kielce,Poland
U001013,jaume i university,Jaume I University,Spain
U001018,jean moulin university lyon 3,Jean Moulin University – Lyon 3,France
U001020,jember university,Jember University,Indonesia
U001022,jerash private university,Jerash Private University,Jordan
U001034,johannes gutenberg universitat mainz,Johannes Gutenberg Universität Mainz,Germany
U001035,johannes gutenberg university of mainz,Johannes Gutenberg University of Mainz,Germany
U001036,johannes kepler university linz,Johannes Kepler University Linz,Austria
U001041,jordan university of science and technology,Jordan University of Science & Technology,Jordan
U001044,julius maximilians universitat wurzburg,Julius-Maximilians-Universität Würzburg,Germany
U001046,justus liebig university giessen,Justus-Liebig-University Giessen,Germany
U001048,k zhubanov aktobe regional university,K. Zhubanov Aktobe Regional University,Kazakhstan
U001055,kaist korea advanced institute of science and technology,KAIST - Korea Advanced Institute of Science & Technology,South Korea
U001070,karaganda state technical university,Karaganda State Technical University,Kazakhstan
U001071,karaganda university of kazpotrebsoyuz,Karaganda University of Kazpotrebsoyuz,Kazakhstan
U001073,karl franzens universitaet graz,Karl-Franzens-Universitaet Graz,Austria
U001076,karnatak university dharwad,Karnatak University Dharwad,India
U001077,karolinska institute,Karolinska Institute,Sweden
U001079,karshi engineering economics institute,Karshi Engineering Economics Institute,Uzbekistan
U001081,karunya institute of technology and sciences,Karunya Institute of Technology and Sciences,India
U001083,kashan university of medical sciences and health services,Kashan University of Medical Sciences and Health Services,Iran
U001089,kazakh national agrarian university kaznau,Kazakh National Agrarian University KazNAU,Kazakhstan
U001090,kazakh national pedagogical university abai,Kazakh National Pedagogical University Abai,Kazakhstan
U001092,kazakhstan medical university ksph,Kazakhstan Medical University KSPH,Kazakhstan
U001094,kazan national research technical university,Kazan National Research Technical University,Russian Federation
U001095,kazan national research technological university,Kazan National Research Technological University,Russia
U001107,khalifa university,Khalifa University,United Arab Emirates
U001110,kharkiv aviation institute,Kharkiv Aviation Institute,Ukraine
U001116,khoja akhmet yassawi international kazakh turkish university,Khoja Akhmet Yassawi International Kazakh-Turkish University,Kazakhstan
U001117,khomein university of medical sciences,Khomein University of Medical Sciences,Iran
U001124,kimyo international university in tashkent,Kimyo International University in Tashkent,Uzbekistan
U001127,king abdullah university of science and technology,King Abdullah University of Science & Technology (KAUST),Saudi Arabia
U001130,king fahd university of petroleum and minerals,King Fahd University of Petroleum & Minerals,Saudi Arabia
U001145,kingston university london,"Kingston University, London",United Kingdom
U001146,kinnaird college for women,Kinnaird College for Women,Pakistan
U001147,kirikkale university,Kirikkale University,Turkey
U001148,kit karlsruhe institute of technology,"KIT, Karlsruhe Institute of Technology",Germany
U001151,kl university,KL University,India
U001158,kocaeli health and technology university,Kocaeli Health and Technology University,Turkey
U001159,kocaeli university,Kocaeli University,Turkey
U001160,kochi university,Kochi University,Japan
U001164,kohsar university murree,Kohsar University Murree,Pakistan
U001173,kore university of enna,Kore University of Enna,Italy
U001177,korkyt ata kyzylorda university,Korkyt Ata Kyzylorda University,Kazakhstan
U001180,krsehir ahi evran university,Kırşehir Ahi Evran University,Turkey
U001190,kutahya health sciences university,Kütahya Health Sciences University,Turkey
U001196,kyiv national economic university,Kyiv National Economic University,Ukraine
U001197,kyoai gakuen university,Kyoai Gakuen University,Japan
U001205,kyrgyz turkish manas university,Kyrgyz-Turkish Manas University,Kyrgyzstan
U001222,lappeenranta lahti university of technology lut,Lappeenranta-Lahti University of Technology LUT,Finland
U001223,larbi tebessi university,Larbi Tebessi University,Algeria
U001229,leeds conservatoire,Leeds Conservatoire,United Kingdom
U001236,liaquat university of medical and health sciences,Liaquat University of Medical and Health Sciences (LUMHS),Pakistan
U001239,lingnan university hong kong,"Lingnan University, Hong Kong",Hong Kong SAR
U001244,liverpool institute for performing arts,Liverpool Institute for Performing Arts,United Kingdom
U001246,liverpool school of tropical medicine,Liverpool School of Tropical Medicine,United Kingdom
U001247,lmu munich,LMU Munich,Germany
U001248,lobachevsky state university of nizhni novgorod,Lobachevsky State University of Nizhni Novgorod,Russian Federation
U001249,lobachevsky university,Lobachevsky University,Russia
U001253,london academy of music and dramatic art,London Academy of Music and Dramatic Art (LAMDA),United Kingdom
U001257,london school of hygiene and tropical medicine,London School of Hygiene and Tropical Medicine,United Kingdom
U001259,londrina state university,Londrina State University,Brazil
U001268,lumiere university lyon 2,"Lumière University, Lyon 2",France
U001270,lusophone university of humanities and technologies,Lusophone University of Humanities and Technologies,Portugal
U001273,m auezov south kazakhstan university,M. Auezov South Kazakhstan University,Kazakhstan
U001274,m kh dulaty taraz regional university,M.Kh. Dulaty Taraz Regional University,Kazakhstan
U001278,mackenzie presbyterian university,Mackenzie Presbyterian University,Brazil
U001282,maharishi markandeshwar university,Maharishi Markandeshwar University (MMU),India
U001285,mahatma jyotiba phule rohilkhand university,Mahatma Jyotiba Phule Rohilkhand University,India
U001289,malaviya national institute of technology,Malaviya National Institute of Technology,India
U001295,manipal academy of higher education manipal karnataka india,"Manipal Academy of Higher Education, Manipal, Karnataka, India",India
U001299,mapua university,Mapúa University,Philippines
U001301,margulan university,Margulan University,Kazakhstan
U001303,marian college kuttikkanam,Marian College Kuttikkanam (Autonomous),India
U001308,martin luther universitat halle wittenberg,Martin-Luther-Universität Halle-Wittenberg,Germany
U001314,maynooth university,Maynooth University,Ireland
U001318,medical university of bialystok,Medical University of Bialystok,Poland
U001319,medical university of gdansk,Medical University of Gdańsk,Poland
U001321,medical university of innsbruck,Medical University of Innsbruck,Austria
U001324,medical university of silesia in katowice,Medical University of Silesia in Katowice,Poland
U001329,mehran university of engineering and technology jamshoro pakistan,"Mehran University of Engineering and Technology, Jamshoro, Pakistan",Pakistan
U001336,mendeleev university of chemical technology,Mendeleev University of Chemical Technology,Russia
U001338,metropolitan autonomous university,Metropolitan Autonomous University,Mexico
U001339,mgimo school of business and international proficiency,MGIMO School of Business and International Proficiency,Russia
U001340,mgimo university,MGIMO University,Russia
U001341,mhamed bougara university of boumerdes,M’Hamed Bougara University of Boumerdès,Algeria
U001343,michael and cecilia ibru university,Michael and Cecilia Ibru University,Nigeria
U001344,michael okpara university of agriculture umudike,"Michael Okpara University of Agriculture, Umudike",Nigeria
U001352,miguel hernandez university of elche,Miguel Hernández University of Elche,Spain
U001358,mioti tech and business school,MIOTI Tech and Business School,Spain
U001365,mizzou university of missouri,Mizzou - University of Missouri,United States
U001366,mns university of agriculture multan,"MNS University of Agriculture, Multan",Pakistan
U001368,mohammed v university of rabat,Mohammed V University of Rabat,Morocco
U001370,monroe college,Monroe College,United States
U001373,monterrey institute of technology,Monterrey Institute of Technology,Mexico
U001374,montpellier university,Montpellier University,France
U001379,moscow pedagogical state university,Moscow Pedagogical State University,Russia
U001384,moscow state university of design and technology,Moscow State University of Design and Technology,Russian Federation
U001385,moscow state university of technology,Moscow State University of Technology (STANKIN),Russian Federation
U001386,moscow technical university of communications and informatics,Moscow Technical University of Communications and Informatics,Russian Federation
U001387,moulay ismail university,Moulay Ismail University,Morocco
U001404,nagoya university of commerce and business,Nagoya University of Commerce & Business,Japan
U001409,namangan engineering construction institute,Namangan Engineering Construction Institute,Uzbekistan
U001423,nanyang technological university singapore,"Nanyang Technological University, Singapore (NTU)",Singapore
U001429,nasarawa state university keffi,"Nasarawa State University, Keffi",Nigeria
U001430,national agrarian university la molina,National Agrarian University La Molina,Peru
U001432,national autonomous university of mexico,National Autonomous University of Mexico,Mexico
U001433,national aviation university,National Aviation University,Ukraine
U001439,national chiao tung university,National Chiao Tung University,Taiwan
U001448,national institute of applied sciences of lyon,National Institute of Applied Sciences of Lyon (INSA Lyon),France
U001449,national institute of industrial engineering,National Institute of Industrial Engineering,India
U001459,national research saratov state university,National Research Saratov State University,Russia
U001460,national research tomsk polytechnic university,National Research Tomsk Polytechnic University,Russia
U001461,national research university moscow power engineering institute,National Research University Moscow Power Engineering Institute (MPEI),Russia
U001479,national university odessa law academy,National University Odessa Law Academy,Ukraine
U001480,national university of colombia,National University of Colombia,Colombia
U001482,national university of cordoba,National University of Córdoba,Argentina
U001483,national university of costa rica,National University of Costa Rica,Costa Rica
U001484,national university of cuyo,National University of Cuyo,Argentina
U001485,national university of distance education,National University of Distance Education (UNED),Spain
U001487,national university of ireland galway,National University of Ireland Galway,Ireland
U001492,national university of modern languages islamabad,"National University of Modern Languages (NUML), Islamabad",Pakistan
U001495,national university of san martin,National University of San Martín,Argentina
U001497,national university of science and technology oman,"National University of Science and Technology, Oman",Oman
U001499,national university of sciences and technology islamabad,National University of Sciences And Technology (NUST) Islamabad,Pakistan
U001501,national university of the south,National University of the South,Argentina
U001502,national university of uzbekistan named after mirzo ulugbek,National University of Uzbekistan named after Mirzo Ulugbek,Uzbekistan
U001504,national university sudan,"National University, Sudan",Sudan
U001506,national university yuri kondrautyuk poltava polytechnic,National University “Yuri Kondrautyuk Poltava Polytechnic,Ukraine
U001510,navoi state pedagogical institute,Navoi State Pedagogical Institute,Uzbekistan
U001523,nicolaus copernicus university in torun,Nicolaus Copernicus University in Toruń,Poland
U001524,nigde omer halisdemir university,Niğde Ömer Halisdemir University,Turkey
U001526,nigerian police academy wudil,"Nigerian Police Academy, Wudil",Nigeria
U001533,nitte,Nitte (Deemed to be University),India
U001535,njsc kimep university,NJSC KIMEP University,Kazakhstan
U001537,normandy university,Normandy University,France
U001548,northeastern university china,"Northeastern University, China",China
U001549,northeastern university us,"Northeastern University, US",United States
U001552,northern borders university,Northern Borders University,Saudi Arabia
U001553,northern federal university named after m v lomonosov,Northern (Arctic) Federal University named after M.V. Lomonosov,Russian Federation
U001557,northumbria university at newcastle,Northumbria University at Newcastle,United Kingdom
U001559,northwest agriculture and forestry university,Northwest Agriculture and Forestry University,China (Mainland)
U001568,notre dame university louaize ndu,Notre Dame University-Louaize NDU,Lebanon
U001571,nova university of lisbon,NOVA University of Lisbon,Portugal
U001577,nueva granada military university,Nueva Granada Military University,Colombia
U001578,nursing school of coimbra,Nursing School of Coimbra,Portugal
U001582,obuda university,Óbuda University,Hungary
U001586,october university for modern sciences and arts,October University for Modern Sciences and Arts (MSA),Egypt
U001588,odessa i i mechnikov national university,Odessa I.I. Mechnikov National University,Ukraine
U001589,ogarev mordovia state university,Ogarev Mordovia State University,Russian Federation
U001591,ohio state university,Ohio State University (Main campus),United States
U001602,ondokuz mayis university,Ondokuz Mayis University,Turkey
U001605,open university of catalonia,Open University of Catalonia,Spain
U001607,oran 1 university,Oran 1 University,Algeria
U001611,oregon health and science university,Oregon Health and Science University,United States
U001613,orel state agrarian university named after n v parahin,Orel State Agrarian University named after N.V. Parahin,Russian Federation
U001615,ort uruguay university,ORT Uruguay University,Uruguay
U001619,osaka medical college,Osaka Medical College,Japan
U001623,osaka university,Osaka University,Japan
U001626,osol al deen university college,Osol Al-Deen University College,Iraq
U001627,ostrogradsky national university of kremenchuk,Ostrogradsky National University of Kremenchuk,Ukraine
U001628,otto von guericke university of magdeburg,Otto von Guericke University of Magdeburg,Germany
U001629,ovidius university of constanta,Ovidius University of Constanța,Romania
U001631,ozyegin university,Ozyegin University,Turkey
U001632,pablo de olavide university,Pablo de Olavide University,Spain
U001639,panteion university of social and political sciences,Panteion University of Social and Political Sciences,Greece
U001640,pantheon assas university,Panthéon-Assas University (Paris 2),France
U001641,pantheon sorbonne university paris 1,Panthéon-Sorbonne University – Paris 1,France
U001642,paris lodron universitat salzburg,Paris Lodron Universität Salzburg,Austria
U001643,paris lodron university of salzburg,Paris Lodron University of Salzburg,Austria
U001644,paris nanterre university,Paris Nanterre University,France
U001645,paris saclay university,Paris-Saclay University,France
U001646,paris sciences et lettres psl research university paris,Paris Sciences et Lettres – PSL Research University Paris,France
U001647,paris sud university,Paris-Sud University,France
U001648,paris university of international education,Paris University of International Education,France
U001650,paul valery university montpellier,Paul Valéry University Montpellier,France
U001652,pavlov first saint petersburg state medical university,Pavlov First Saint Petersburg State Medical University,Russian Federation
U001653,pavol jozef safarik university in kosice,Pavol Jozef Šafárik University in Košice,Slovakia
U001657,penn state,Penn State (Main campus),United States
U001661,perm state national research university,Perm State National Research University,Russia
U001669,pharos university,Pharos University,Egypt
U001671,philipps universitat marburg,Philipps-Universität Marburg ,Germany
U001673,plateau state university bokkos,"Plateau State University, Bokkos",Nigeria
U001677,pmas arid agriculture university rawalpindi,PMAS Arid Agriculture University Rawalpindi,Pakistan
U001679,politecnico di bari,Politecnico di Bari,Italy
U001684,polytechnic institute of setubal,Polytechnic Institute of Setúbal,Portugal
U001686,polytechnic university of bucharest,Polytechnic University of Bucharest,Romania
U001689,polytechnic university of turin,Polytechnic University of Turin,Italy
U001690,polytechnic university of valencia,Polytechnic University of Valencia,Spain
U001691,pompeu fabra university,Pompeu Fabra University,Spain
U001693,pontifical catholic university of argentina,Pontifical Catholic University of Argentina,Argentina
U001694,pontifical catholic university of minas gerais,Pontifical Catholic University of Minas Gerais,Brazil
U001695,pontifical catholic university of peru,Pontifical Catholic University of Peru,Peru
U001696,pontifical catholic university of rio de janeiro,Pontifical Catholic University of Rio de Janeiro (PUC-Rio),Brazil
U001697,pontifical catholic university of rio grande do sul,Pontifical Catholic University of Rio Grande do Sul (PUCRS),Brazil
U001698,pontifical catholic university of valparaiso,Pontifical Catholic University of Valparaíso,Chile
U001699,pontifical javeriana university,Pontifical Javeriana University,Colombia
U001705,pontificia universidad catolica madre y maestra,Pontificia Universidad Catolica Madre y Maestra,Dominican Republic
U001708,pontificia universidade catolica do campinas puc campinas,Pontificia Universidade Católica do Campinas - PUC Campinas,Brazil
U001709,pontificia universidade catolica do minas gerais puc minas,Pontificia Universidade Católica do Minas Gerais - PUC Minas,Brazil
U001715,poznan university of life sciences,Poznan University of Life Sciences,Poland
U001730,prydniprovska state academy of civil engineering and architecture,Prydniprovska State Academy of Civil Engineering and Architecture,Ukraine
U001733,public university of navarre,Public University of Navarre,Spain
U001734,puc campinas,PUC-Campinas,Brazil
U001736,purdue university,Purdue University,United States
U001745,qom university of medical sciences,Qom University of Medical Sciences,Iran
U001750,queen margaret university edinburgh,"Queen Margaret University , Edinburgh",United Kingdom
U001752,queen s university at kingston,Queen's University at Kingston,Canada
U001758,radboud university,Radboud University ,Netherlands
U001762,rajamangala university of technology thanyaburi,Rajamangala University of Technology Thanyaburi (RMUTT),Thailand
U001763,rajshahi university,Rajshahi University,Bangladesh
U001764,ravensbourne,Ravensbourne,United Kingdom
U001765,rawalpindi medical university,Rawalpindi Medical University,Pakistan
U001767,rcsi university of medicine and health sciences,RCSI University of Medicine and Health Sciences,Ireland
U001771,rennes school of business,Rennes School of Business,France
U001773,reshetnev siberian state university of science and technology,Reshetnev Siberian State University of Science and Technology,Russian Federation
U001776,rheinische friedrich wilhelms universitat bonn,Rheinische Friedrich-Wilhelms-Universität Bonn,Germany
U001779,riga stradins university,Riga Stradins University,Latvia
U001791,rovira i virgili university,Rovira i Virgili University,Spain
U001796,royal central school of speech and drama university of london,"Royal Central School of Speech and Drama, University of London",United Kingdom
U001797,royal college of academics,Royal College of Academics,Luxembourg
U001804,rudn university,RUDN University,Russia
U001805,ruhr universitat bochum,Ruhr-Universität Bochum,Germany
U001807,ruprecht karls universitat heidelberg,Ruprecht-Karls-Universität Heidelberg,Germany
U001809,russian biotechnological university,Russian Biotechnological University (BIOTECH),Russian Federation
U001810,russian presidential academy of national economy and public administration,Russian Presidential Academy of National Economy and Public Administration,Russia
U001813,russian university of state for social,Russian University of State for Social (RUSS),Russian Federation
U001814,rutgers the state university of new jersey camden,"Rutgers, The State University of New Jersey, Camden",United States
U001815,rutgers university new brunswick,Rutgers University – New Brunswick,United States
U001816,rutgers universitynew brunswick,Rutgers University–New Brunswick,United States
U001817,rutgers universitynewark,Rutgers University–Newark,United States
U001819,ryazan state medical university,Ryazan State Medical University,Russian Federation
U001820,ryerson university,Ryerson University,Canada
U001823,s d asfendiyarov kazakh national medical university,S.D. Asfendiyarov Kazakh National Medical University,Kazakhstan
U001824,s toraighyrov pavlodar state university,S. Toraighyrov Pavlodar State University,Kazakhstan
U001825,sabanc university,Sabancı University,Turkey
U001826,sabanci university,Sabanci University,Turkey
U001829,saint joseph university of beirut,Saint Joseph University of Beirut (USJ) ,Lebanon
U001831,saint petersburg electrotechnical university etu leti,Saint Petersburg Electrotechnical University ETU-LETI,Russia
U001834,saint petersburg state university,Saint Petersburg State University,Russia
U001836,saint thomas university colombia,"Saint Thomas University, Colombia",Colombia
U001837,saints cyril and methodius university in skopje,Saints Cyril and Methodius University in Skopje,North Macedonia
U001841,saken seifullin kazakh agrotechnical university,Saken Seifullin Kazakh Agrotechnical University,Kazakhstan
U001843,salahaddin university,Salahaddin University,Iraq
U001851,samarkand state medical university,Samarkand State Medical University,Uzbekistan
U001852,samarkand state university,Samarkand State University,Uzbekistan
U001854,samuel adegboyega university,Samuel Adegboyega University,Nigeria
U001859,sant anna scuola universitaria superiore pisa,Sant'Anna - Scuola Universitaria Superiore Pisa,Italy
U001860,santanna school of advanced studies pisa,Sant’Anna School of Advanced Studies – Pisa,Italy
U001867,sasin school of management,Sasin School of Management,Thailand
U001873,saveetha institute of medical and technical sciences,Saveetha Institute of Medical and Technical Sciences,India
U001876,school of higher commercial studies,School of Higher Commercial Studies (EHEC Algiers),Algeria
U001877,sciences po,Sciences Po ,France
U001879,scuola normale superiore di pisa,Scuola Normale Superiore di Pisa,Italy
U001880,sdu university,SDU University,Kazakhstan
U001891,semnan university of medical sciences and health services,Semnan University of Medical Sciences and Health Services,Iran
U001896,seyitnazar seydi turkmen state pedagogical institute,Seyitnazar Seydi Turkmen State Pedagogical Institute,Turkmenistan
U001898,shah abdul latif university khairpur,"Shah Abdul Latif University, Khairpur",Pakistan
U001902,shaheed zulfiqar ali bhutto medical university,Shaheed Zulfiqar Ali Bhutto Medical University,Pakistan
U001908,shahid sadoughi university of medical sciences,Shahid Sadoughi University of Medical Sciences,Iran
U001912,shahrood university of technology,Shahrood University of Technology,Iran
U001933,shoolini university of biotechnology and management sciences,Shoolini University of Biotechnology and Management Sciences,India
U001934,showa university,Showa University,Japan
U001937,siberian federal university sibfu,"Siberian Federal University, SibFU",Russia
U001944,siksha o anusandhan,Siksha 'O' Anusandhan (Deemed to be University),India
U001954,sivas cumhuriyet university,Sivas Cumhuriyet University,Turkey
U001967,solent university southampton,"Solent University, Southampton",United Kingdom
U001969,soochow university china,"Soochow University, China",China
U001970,soochow university taiwan,"Soochow University, Taiwan",Taiwan
U001976,sorbonne university,Sorbonne University,France
U001991,southwest state university,Southwest State University,Russian Federation
U001995,sri balaji vidyapeeth,Sri Balaji Vidyapeeth,India
U002001,sruc,SRUC (Scotland’s Rural College),United Kingdom
U002005,st louis university,St. Louis University,United States
U002008,st marys university college belfast,"St Mary’s University College, Belfast",United Kingdom
U002009,st marys university twickenham,"St Mary’s University, Twickenham",United Kingdom
U002010,st petersburg electrotechnical university,St Petersburg Electrotechnical University (LETI),Russian Federation
U002011,staffordshire university,Staffordshire University,United Kingdom
U002014,state energy institute of turkmenistan,State Energy Institute of Turkmenistan,Turkmenistan
U002015,state university of bahia,State University of Bahia,Brazil
U002018,state university of ponta grossa,State University of Ponta Grossa,Brazil
U002019,state university of santa cruz,State University of Santa Cruz,Brazil
U002021,stefan cel mare university of suceava,Stefan cel Mare University of Suceava,Romania
U002027,stony brook university state university of new york,"Stony Brook University, State University of New York",United States
U002036,suleyman demirel university kazakhstan,"Suleyman Demirel University, Kazakhstan",Kazakhstan
U002043,suny binghamton university,SUNY Binghamton University,United States
U002044,suny university at albany,SUNY University at Albany,United States
U002051,swps university,SWPS University,Poland
U002052,swps university of social sciences and humanities,SWPS University of Social Sciences and Humanities,Poland
U002056,szent istvan university,Szent Istvan University,Hungary
U002057,t c demiroglu bilim university,T. C. Demiroğlu Bilim University,Turkey
U002074,tarlac agricultural university,Tarlac Agricultural University,Philippines
U002076,tashkent institute of chemical technology,Tashkent Institute of Chemical Technology,Uzbekistan
U002077,tashkent institute of finance,Tashkent Institute of Finance,Uzbekistan
U002078,tashkent institute of irrigation and agricultural mechanisation,Tashkent Institute of Irrigation and Agricultural Mechanisation,Uzbekistan
U002081,tashkent pediatric medical institute,Tashkent Pediatric Medical Institute,Uzbekistan
U002084,tashkent state dental institute,Tashkent State Dental Institute,Uzbekistan
U002085,tashkent state pedagogical university named after nizami,Tashkent State Pedagogical University named after Nizami,Uzbekistan
U002086,tashkent state technical university,Tashkent State Technical University,Uzbekistan
U002091,tashkent university of information technologies,Tashkent University of Information Technologies,Uzbekistan
U002095,teacher education college of setif,Teacher Education College of Setif,Algeria
U002096,technical university of berlin,Technical University of Berlin,Germany
U002097,technical university of cartagena,Technical University of Cartagena,Spain
U002100,technical university of darmstadt,Technical University of Darmstadt,Germany
U002102,technical university of kosice,Technical University of Kosice,Slovakia
U002104,technical university of loja,Technical University of Loja,Ecuador
U002105,technical university of lublin,Technical University of Lublin,Poland
U002106,technical university of madrid,Technical University of Madrid,Spain
U002111,technische universitat bergakademie freiberg,Technische Universität Bergakademie Freiberg,Germany
U002115,technische universitat hamburg harburg,Technische Universität Hamburg-Harburg,Germany
U002116,technische universitat kaiserslautern,Technische Universität Kaiserslautern,Germany
U002117,technische universitat wien,Technische Universität Wien,Austria
U002121,tecnologico de costa rica,Tecnológico de Costa Rica,Costa Rica
U002122,tecnologico de costa rica tec,Tecnológico de Costa Rica -TEC,Costa Rica
U002130,telecom paris,TELECOM Paris,France
U002134,temuco catholic university,Temuco Catholic University,Chile
U002138,termiz institute of agrotechnology and innovative development,Termiz Institute of Agrotechnology and Innovative Development,Uzbekistan
U002140,texas a and m university commerce,Texas A&M University-Commerce,United States
U002146,the american university in cairo,The American University in Cairo,Egypt
U002147,the australian national university,The Australian National University,Australia
U002148,the british university in dubai,The British University in Dubai,United Arab Emirates
U002149,the british university in egypt,The British University in Egypt,Egypt
U002150,the catholic university of america,The Catholic University of America,United States
U002151,the catholic university of korea,The Catholic University of Korea ,South Korea
U002152,the chinese university of hong kong,The Chinese University of Hong Kong (CUHK),Hong Kong SAR
U002153,the gheorghe asachi technical university of iasi,"The ""Gheorghe Asachi"" Technical University of Iasi",Romania
U002154,the government sadiq college women university bahawalpur,The Government Sadiq College Women University Bahawalpur,Pakistan
U002156,the hashemite university,The Hashemite University,Jordan
U002157,the hebrew university of jerusalem,The Hebrew University of Jerusalem,Israel
U002158,the herzen state pedagogical university of russia,The Herzen State Pedagogical University of Russia,Russia
U002159,the hong kong polytechnic university,The Hong Kong Polytechnic University,Hong Kong SAR
U002160,the hong kong university of science and technology,The Hong Kong University of Science and Technology,Hong Kong SAR
U002161,the icfai university jharkhand,"The ICFAI University, Jharkhand",India
U002162,the islamia university of bahawalpur,The Islamia University of Bahawalpur,Pakistan
U002163,the islamic university,The Islamic University,Iraq
U002164,the jikei university school of medicine,The Jikei University School of Medicine,Japan
U002165,the john paul ii catholic university of lublin,The John Paul II Catholic University of Lublin,Poland
U002166,the josip juraj strossmayer university of osijek,The Josip Juraj Strossmayer University of Osijek,Croatia
U002167,the lnm institute of information technology,The LNM Institute of Information Technology,India
U002168,the london school of economics and political science,The London School of Economics and Political Science (LSE),United Kingdom
U002169,the national research university belgorod state university,"The National Research University ""Belgorod State University""",Russia
U002170,the national university of ostroh academy,The National University of Ostroh Academy,Ukraine
U002171,the national university of science and technology misis,The National University of Science and Technology MISIS,Russia
U002172,the new school,The New School,United States
U002175,the rockefeller university,The Rockefeller University,United States
U002178,the university of aizu,The University of Aizu,Japan
U002179,the university of alabama,The University of Alabama,United States
U002180,the university of arizona,The University of Arizona,United States
U002181,the university of auckland,The University of Auckland,New Zealand
U002182,the university of chicago,The University of Chicago,United States
U002183,the university of danang,The University of Danang,Vietnam
U002184,the university of edinburgh,The University of Edinburgh,United Kingdom
U002185,the university of electro communications,The University of Electro-Communications,Japan
U002186,the university of exeter,The University of Exeter,United Kingdom
U002187,the university of georgia,The University of Georgia,United States
U002188,the university of hong kong,The University of Hong Kong,Hong Kong SAR
U002189,the university of jordan,The University of Jordan,Jordan
U002190,the university of lahore,The University of Lahore,Pakistan
U002191,the university of manchester,The University of Manchester,United Kingdom
U002193,the university of new south wales,The University of New South Wales (UNSW Sydney),Australia
U002194,the university of newcastle australia,"The University of Newcastle, Australia (UON)",Australia
U002195,the university of northampton,The University of Northampton,United Kingdom
U002198,the university of sheffield,The University of Sheffield,United Kingdom
U002199,the university of shiga prefecture,The University of Shiga Prefecture,Japan
U002201,the university of tennessee knoxville,"The University of Tennessee, Knoxville",United States
U002204,the university of the west indies,The University of the West Indies,Jamaica
U002206,the university of tulsa,The University of Tulsa,United States
U002207,the university of warwick,The University of Warwick,United Kingdom
U002210,the world islamic sciences and education university,The World Islamic Sciences and Education University (WISE),Jordan
U002214,tikrit university,Tikrit University,Iraq
U002224,tokat gaziosmanpasa university,Tokat Gaziosmanpaşa University,Turkey
U002239,tomas bata university in zlin,Tomas Bata University in Zlin,Czech Republic
U002242,tomsk state university,Tomsk State University,Russia
U002243,tomsk state university of control systems and radioelectronics,Tomsk State University of Control Systems and Radioelectronics,Russian Federation
U002247,torcuato di tella university,Torcuato Di Tella University,Argentina
U002254,toyota technological institute in japan,Toyota Technological Institute in Japan,Japan
U002255,transilvania university of brasov,Transilvania University of Brasov,Romania
U002258,trinity college dublin the university of dublin,"Trinity College Dublin, The University of Dublin",Ireland
U002263,tu braunschweig,TU Braunschweig,Germany
U002265,tu dresden,TU Dresden,Germany
U002271,turan astana university,Turan-Astana University,Kazakhstan
U002272,turin polytechnic university in tashkent,Turin Polytechnic University in Tashkent,Uzbekistan
U002273,turkmen state architecture and construction institute,Turkmen State Architecture and Construction Institute,Turkmenistan
U002279,ubt,UBT,Kosovo
U002280,ucl,UCL,United Kingdom
U002283,uees espiritu santo university,"UEES, Espiritu Santo University",Ecuador
U002287,uin sulthan thaha saifuddin jambi,UIN Sulthan Thaha Saifuddin Jambi,Indonesia
U002289,ulacit universidad latinoamericana de ciencia y tecnologia costa rica," ULACIT - Universidad Latinoamericana de Ciencia y Tecnología, Costa Rica",Costa Rica
U002290,ulm university,Ulm University,Germany
U002292,ulster university,Ulster University,United Kingdom
U002296,umea university,Umea University,Sweden
U002298,unesc,UNESC,Brazil
U002299,unesp,UNESP,Brazil
U002301,unir international university of la rioja,UNIR – International University of La Rioja,Spain
U002302,unisinos university,Unisinos University,Brazil
U002306,universidad adolfo ibanez,Universidad Adolfo Ibáñez,Chile
U002307,universidad alberto hurtado,Universidad Alberto Hurtado,Chile
U002308,universidad anahuac mexico,Universidad Anáhuac México,Mexico
U002310,universidad austral,Universidad Austral,Argentina
U002311,universidad austral de chile,Universidad Austral de Chile,Chile
U002312,universidad autonoma chapingo,Universidad Autonoma Chapingo,Mexico
U002313,universidad autonoma de aguascalientes,Universidad Autónoma de Aguascalientes,Mexico
U002315,universidad autonoma de chapingo,Universidad Autónoma de Chapingo,Mexico
U002322,universidad autonoma de queretaro,Universidad Autónoma de Querétaro (UAQ),Mexico
U002323,universidad autonoma de san luis de potosi,Universidad Autónoma de San Luis de Potosí,Mexico
U002324,universidad autonoma de yucatan,Universidad Autonoma de Yucatan,Mexico
U002330,universidad camilo jose cela,Universidad Camilo José Cela,Spain
U002332,universidad catolica andres bello,Universidad Católica Andres Bello,Venezuela
U002334,universidad catolica de colombia,Universidad Católica de Colombia ,Colombia
U002337,universidad catolica de la santisima concepcion ucsc,Universidad Católica de La Santísima Concepción - UCSC,Chile
U002340,universidad catolica del maule,Universidad Católica del Maule,Chile
U002343,universidad catolica san antonio de murcia,Universidad Católica San Antonio de Murcia (UCAM),Spain
U002346,universidad central de venezuela,Universidad Central de Venezuela,Venezuela
U002347,universidad central del ecuador,Universidad Central del Ecuador,Ecuador
U002348,universidad central marta abreu de las villas,"Universidad Central ""Marta Abreu"" de Las Villas",Cuba
U002353,universidad de belgrano,Universidad de Belgrano,Argentina
U002355,universidad de caldas,Universidad de Caldas,Colombia
U002356,universidad de carabobo,Universidad de Carabobo,Venezuela
U002357,universidad de cartagena,Universidad de Cartagena,Colombia
U002358,universidad de castilla la mancha,Universidad de Castilla-La Mancha,Spain
U002359,universidad de chile,Universidad de Chile,Chile
U002360,universidad de concepcion,Universidad de Concepción,Chile
U002361,universidad de cordoba colombia,Universidad de Córdoba - Colombia,Colombia
U002362,universidad de cordoba espana,Universidad de Córdoba - España,Spain
U002364,universidad de cuenca,Universidad de Cuenca,Ecuador
U002368,universidad de la habana,Universidad de La Habana,Cuba
U002369,universidad de la republica,Universidad de la República (Udelar),Uruguay
U002371,universidad de la salle,Universidad de La Salle,Colombia
U002372,universidad de la serena,Universidad de La Serena,Chile
U002373,universidad de las americas ecuador,Universidad de Las Américas (UDLA) Ecuador,Ecuador
U002380,universidad de los andes merida,Universidad de Los Andes - (ULA) Mérida,Venezuela
U002382,universidad de monterrey,Universidad de Monterrey (UDEM),Mexico
U002384,universidad de oriente santiago de cuba,Universidad de Oriente Santiago de Cuba,Cuba
U002386,universidad de palermo,Universidad de Palermo (UP),Argentina
U002387,universidad de pamplona,Universidad de Pamplona,Colombia
U002388,universidad de panama,Universidad de Panama,Panama
U002389,universidad de panama up,Universidad de Panamá - UP,Panama
U002390,universidad de piura,Universidad de Piura,Peru
U002391,universidad de puerto rico,Universidad de Puerto Rico,Puerto Rico
U002392,universidad de san andres udesa,Universidad de San Andrés - UdeSA,Argentina
U002393,universidad de san carlos de guatemala usac,Universidad de San Carlos de Guatemala - USAC,Guatemala
U002394,universidad de santander udes,Universidad de Santander - UDES,Colombia
U002398,universidad de talca,Universidad de Talca,Chile
U002399,universidad de tarapaca,Universidad de Tarapaca,Chile
U002401,universidad de valparaiso,Universidad de Valparaíso (UV),Chile
U002403,universidad del bio bio,Universidad del Bío-Bío,Chile
U002404,universidad del cauca,Universidad del Cauca,Colombia
U002406,universidad del magdalena,Universidad del Magdalena,Colombia
U002414,universidad del valle de mexico,Universidad del Valle de Mexico (UVM),Mexico
U002419,universidad iberoamericana ibero,Universidad Iberoamericana IBERO,Mexico
U002420,universidad icesi,Universidad ICESI,Colombia
U002421,universidad industrial de santander,Universidad Industrial de Santander (UIS),Colombia
U002422,universidad industrial de santander uis,Universidad Industrial de Santander - UIS,Colombia
U002430,universidad mayor de san simon cochabamba,Universidad Mayor de San Simón Cochabamba,Bolivia
U002436,universidad nacional autonoma de honduras,Universidad Nacional Autónoma de Honduras (UNAH),Honduras
U002438,universidad nacional costa rica,Universidad Nacional Costa Rica,Costa Rica
U002442,universidad nacional de cordoba unc,Universidad Nacional de Córdoba - UNC,Argentina
U002444,universidad nacional de ingenieria peru,Universidad Nacional de Ingeniería Peru,Peru
U002446,universidad nacional de la asuncion,Universidad Nacional de la Asunción,Paraguay
U002448,universidad nacional de mar del plata,Universidad Nacional de Mar del Plata,Argentina
U002449,universidad nacional de quilmes,Universidad Nacional de Quilmes,Argentina
U002451,universidad nacional de rio cuarto unrc,Universidad Nacional de Río Cuarto - UNRC,Argentina
U002452,universidad nacional de rosario,Universidad Nacional de Rosario (UNR),Argentina
U002453,universidad nacional de san luis,Universidad Nacional de San Luis,Argentina
U002455,universidad nacional de tucuman,Universidad Nacional de Tucumà¡n,Argentina
U002457,universidad nacional del comahue,Universidad Nacional del Comahue,Argentina
U002460,universidad nacional mayor de san marcos,Universidad Nacional Mayor de San Marcos,Peru
U002461,universidad nur,Universidad Nur,Bolivia
U002465,universidad peruana de ciencias aplicadas,Universidad Peruana de Ciencias Aplicadas,Peru
U002467,universidad politecnica salesiana,UNIVERSIDAD POLITECNICA SALESIANA,Ecuador
U002478,universidad tecnica particular de loja,Universidad Tecnica Particular De Loja (UTPL),Ecuador
U002480,universidad tecnologica de la habana jose antonio echeverria cujae,"Universidad Tecnológica de la Habana José Antonio Echeverría, Cujae",Cuba
U002482,universidad tecnologica de pereira,Universidad Tecnológica de Pereira,Colombia
U002484,universidad tecnologica nacional,Universidad Tecnológica Nacional (UTN),Argentina
U002488,universidade catolica portuguesa ucp,Universidade Católica Portuguesa - UCP,Portugal
U002497,universidade eduardo mondlane,Universidade Eduardo Mondlane,Mozambique
U002504,universidade estadual do norte fluminense darcy ribeiro,Universidade Estadual do Norte Fluminense Darcy Ribeiro,Brazil
U002527,universidade federal do estado do rio de janeiro unirio,Universidade Federal do Estado do Rio de Janeiro - UNIRIO,Brazil
U002529,universidade federal do para ufpa,Universidade Federal do Parà - UFPA,Brazil
U002531,universidade federal do parana ufpr,Universidade Federal do Paraná - UFPR,Brazil
U002538,universidade federal rural do semi arido,Universidade Federal Rural do Semi-Arido,Brazil
U002547,universita degli studi di bergamo,Università degli studi di Bergamo,Italy
U002548,universita degli studi di ferrara,Universita' degli Studi di Ferrara,Italy
U002549,universita degli studi di pavia,Università degli Studi di Pavia,Italy
U002550,universita degli studi di perugia,Università degli Studi di Perugia,Italy
U002551,universita degli studi di udine,Università degli Studi di Udine,Italy
U002552,universita degli studi g d annunzio chieti pescara,"Universita' degli Studi ""G. d'Annunzio"" Chieti Pescara",Italy
U002553,universita degli studi roma tre,Università degli studi Roma Tre,Italy
U002554,universita del salento,Università del Salento,Italy
U002556,universita di padova,Università di Padova,Italy
U002557,universita iulm,Universita IULM,Italy
U002558,universita politecnica delle marche,Universita' Politecnica delle Marche,Italy
U002559,universita vita salute san raffaele,Università Vita-Salute San Raffaele,Italy
U002561,universitas airlangga,Universitas Airlangga,Indonesia
U002562,universitas andalas,Universitas Andalas,Indonesia
U002563,universitas brawijaya,Universitas Brawijaya ,Indonesia
U002565,universitas hasanuddin,Universitas Hasanuddin,Indonesia
U002566,universitas indonesia,Universitas Indonesia,Indonesia
U002567,universitas islam indonesia,Universitas Islam Indonesia,Indonesia
U002568,universitas islam sultan agung,Universitas Islam Sultan Agung,Indonesia
U002569,universitas kristen petra,Universitas Kristen Petra,Indonesia
U002570,universitas mercu buana,Universitas Mercu Buana,Indonesia
U002571,universitas muhammadiyah surakarta,Universitas Muhammadiyah Surakarta,Indonesia
U002572,universitas muhammadiyah yogyakarta,Universitas Muhammadiyah Yogyakarta,Indonesia
U002574,universitas negeri yogyakarta,Universitas Negeri Yogyakarta,Indonesia
U002575,universitas padjadjaran,Universitas Padjadjaran,Indonesia
U002576,universitas pendidikan indonesia,Universitas Pendidikan Indonesia,Indonesia
U002577,universitas sebelas maret,Universitas Sebelas Maret,Indonesia
U002578,universitas sriwijaya,Universitas Sriwijaya,Indonesia
U002582,universitat bremen,Universität Bremen,Germany
U002585,universitat de valencia,Universitat de Valencia,Spain
U002586,universitat des saarlandes,Universität des Saarlandes,Germany
U002587,universitat duisburg essen,Universität Duisburg-Essen,Germany
U002589,universitat heidelberg,Universität Heidelberg,Germany
U002592,universitat jena,Universität Jena,Germany
U002593,universitat konstanz,Universität Konstanz,Germany
U002594,universitat leipzig,Universität  Leipzig,Germany
U002595,universitat mannheim,Universität Mannheim,Germany
U002597,universitat politecnica de catalunya barcelonatech,Universitat Politècnica de Catalunya · BarcelonaTech (UPC),Spain
U002600,universitat potsdam,Universität Potsdam,Germany
U002602,universitat regensburg,Universität Regensburg,Germany
U002603,universitat rostock,Universität Rostock,Germany
U002605,universitat siegen,Universität Siegen,Germany
U002606,universitat stuttgart,Universität Stuttgart,Germany
U002607,universitatea de vest din timisoara west university of timisoara,Universitatea de Vest din Timisoara /  West University of Timisoara,Romania
U002608,universite 8 mai 1945 guelma,Université 8 Mai 1945 Guelma,Algeria
U002610,universite catholique de louvain,Université catholique de Louvain (UCLouvain),Belgium
U002611,universite charles de gaulle lille 3,Université Charles-de-Gaulle Lille 3,France
U002612,universite chouaib doukkali,Université Chouaïb Doukkali,Morocco
U002615,universite dain temouchent,Université d’Ain Témouchent,Algeria
U002620,universite de fribourg,Université de Fribourg,Switzerland
U002621,universite de gabes,Université de Gabès,Tunisia
U002622,universite de liege,Université de Liège,Belgium
U002629,universite de paris,Université de Paris,France
U002630,universite de paris cite,Université de Paris-Cité,France
U002632,universite de rennes 1,Université de Rennes 1,France
U002633,universite de sfax,Université de Sfax,Tunisia
U002635,universite de skikda,Université de Skikda,Algeria
U002636,universite de sousse,Université de Sousse,Tunisia
U002639,universite de toulouse ii le mirail,Université de Toulouse II-Le Mirail,France
U002640,universite de tunis,Université de Tunis,Tunisia
U002641,universite de tunis el manar,Université de Tunis El Manar,Tunisia
U002643,universite diderot paris 7,Université Diderot  Paris 7,France
U002644,universite djillali liabes de sidi bel abbes,Université Djillali Liabès de Sidi Bel-Abbès,Algeria
U002645,universite doran 2 mohamed ben ahmed,Université d’Oran 2 Mohamed Ben Ahmed,Algeria
U002648,universite freres mentouri constantine 1,Université Frères Mentouri Constantine 1,Algeria
U002651,universite hassan ii de casablanca,Université Hassan II de Casablanca,Morocco
U002652,universite jean moulin lyon 3,Université Jean Moulin Lyon 3,France
U002653,universite kasdi merbah ouargla,Université Kasdi Merbah Ouargla,Algeria
U002655,universite libre de bruxelles,Universite libre de Bruxelles,Belgium
U002656,universite lille 2 droit et sante,Université Lille 2 Droit et Santé,France
U002658,universite mohamed el bachir el ibrahimi de bordj bou arreridj,Université Mohamed El Bachir El Ibrahimi de Bordj Bou Arréridj,Algeria
U002659,universite mohammed premier,Université Mohammed Premier,Morocco
U002660,universite mohammed v de rabat,Université Mohammed V de Rabat,Morocco
U002661,universite mouloud mammeri de tizi ouzou,Université Mouloud Mammeri de Tizi-Ouzou,Algeria
U002665,universite paris dauphine universite psl,"Université Paris-Dauphine, Université PSL",France
U002669,universite paris sorbonne,Université Paris-Sorbonne (Paris IV),France
U002670,universite paul sabatier toulouse iii,Université Paul Sabatier Toulouse III,France
U002673,universite psl,Université PSL,France
U002674,universite saint joseph de beyrouth,Université Saint-Joseph de Beyrouth,Lebanon
U002676,universite sorbonne nouvelle paris 3,Université Sorbonne Nouvelle Paris 3,France
U002679,universite toulouse 1 capitole,Université Toulouse 1 Capitole,France
U002681,universiti kebangsaan malaysia,Universiti Kebangsaan Malaysia (UKM),Malaysia
U002682,universiti kuala lumpur,Universiti Kuala Lumpur (UniKL),Malaysia
U002683,universiti malaya,Universiti Malaya (UM),Malaysia
U002685,universiti malaysia pahang,Universiti Malaysia Pahang,Malaysia
U002688,universiti malaysia sabah,Universiti Malaysia Sabah (UMS),Malaysia
U002691,universiti pendidikan sultan idris,Universiti Pendidikan Sultan Idris (UPSI),Malaysia
U002695,universiti sultan zainal abidin,Universiti Sultan Zainal Abidin,Malaysia
U002696,universiti teknikal malaysia melaka,Universiti Teknikal Malaysia Melaka,Malaysia
U002698,universiti teknologi malaysia,Universiti Teknologi Malaysia ,Malaysia
U002700,universiti teknologi mara uitm,Universiti Teknologi MARA - UiTM,Malaysia
U002703,universiti tun hussein onn malaysia,Universiti Tun Hussein Onn Malaysia (UTHM),Malaysia
U002704,universiti tun hussein onn university of malaysia,Universiti Tun Hussein Onn University of Malaysia (UTHM),Malaysia
U002706,universiti utara malaysia,Universiti Utara Malaysia (UUM),Malaysia
U002707,university abdelhamid ibn badis mostaganem,University Abdelhamid Ibn Badis Mostaganem,Algeria
U002708,university at albany suny,University at Albany SUNY,United States
U002709,university at buffalo,University at Buffalo,United States
U002710,university at buffalo suny,University at Buffalo SUNY,United States
U002711,university center ali kafi tindouf,University Center Ali Kafi Tindouf,Algeria
U002712,university center morsli abdellah of tipaza,University Center Morsli Abdellah of Tipaza,Algeria
U002716,university centre of el bayadh,University Centre of El-Bayadh,Algeria
U002721,university duesseldorf,University Duesseldorf,Germany
U002725,university of a coruna,University of A Coruña,Spain
U002727,university of abou bekr belkaid tlemcen,University of Abou Bekr Belkaïd Tlemcen,Algeria
U002728,university of adelaide,University of Adelaide,Australia
U002731,university of ahmed draia,University of Ahmed Draia,Algeria
U002735,university of alabama birmingham,"University of Alabama, Birmingham",United States
U002739,university of alcala,University of Alcalá,Spain
U002741,university of algiers 1,University of Algiers 1,Algeria
U002748,university of antioquia,University of Antioquia,Colombia
U002749,university of antofagasta,University of Antofagasta,Chile
U002751,university of applied sciences and arts of western switzerland,University of Applied Sciences and Arts of Western Switzerland,Switzerland
U002753,university of arkansas,University of Arkansas,United States
U002754,university of arkansas fayetteville,University of Arkansas Fayetteville ,United States
U002762,university of baltistan skardu,"University of Baltistan, Skardu",Pakistan
U002763,university of barcelona,University of Barcelona,Spain
U002764,university of bari,University of Bari,Italy
U002781,university of bialystok,University of Bialystok,Poland
U002787,university of bogota jorge tadeo lozano,University of Bogotá Jorge Tadeo Lozano,Colombia
U002789,university of bolton,University of Bolton,United Kingdom
U002791,university of bordeaux,University of Bordeaux,France
U002794,university of brasilia,University of Brasília,Brazil
U002803,university of burgos,University of Burgos,Spain
U002804,university of cadiz,University of Cadiz,Spain
U002820,university of camerino,University of Camerino (Unicam),Italy
U002822,university of campinas,University of Campinas,Brazil
U002825,university of canterbury te whare wananga o waitaha,University of Canterbury | Te Whare Wānanga o Waitaha,New Zealand
U002831,university of caxias do sul,University of Caxias do Sul,Brazil
U002834,university of central lancashire,University of Central Lancashire,United Kingdom
U002837,university of cergy pontoise,University of Cergy-Pontoise,France
U002844,university of cincinnati uptown,University of Cincinnati – Uptown,United States
U002846,university of clermont auvergne,University of Clermont Auvergne,France
U002848,university of colima,University of Colima,Mexico
U002854,university of colorado denver anschutz medical campus,University of Colorado Denver/Anschutz Medical Campus,United States
U002860,university of costa rica,University of Costa Rica,Costa Rica
U002861,university of cote dazur,University of Côte d’Azur,France
U002874,university of desarrollo,University of Desarrollo,Chile
U002875,university of deusto,University of Deusto,Spain
U002878,university of djilali bounaama khemis miliana,University of Djilali Bounaama Khemis Miliana,Algeria
U002887,university of economics in bratislava,University of Economics in Bratislava,Slovakia
U002890,university of education lahore,"University of Education, Lahore",Pakistan
U002891,university of el oued,University of El Oued,Algeria
U002893,university of engineering and technology lahore,University of Engineering & Technology (UET) Lahore,Pakistan
U002894,university of engineering and technology mardan,"University of Engineering and Technology, Mardan",Pakistan
U002897,university of erlangen nuremberg,University of Erlangen-Nuremberg,Germany
U002901,university of extremadura,University of Extremadura,Spain
U002909,university of fortaleza,University of Fortaleza (UNIFOR),Brazil
U002910,university of franca,University of Franca,Brazil
U002911,university of franche comte,University of Franche-Comté,France
U002916,university of galway,University of Galway,Ireland
U002918,university of gdansk,UNIVERSITY OF GDANSK,Poland
U002924,university of girona,University of Girona,Spain
U002929,university of granada,University of Granada,Spain
U002932,university of greifswald,University of Greifswald,Germany
U002934,university of guadalajara,University of Guadalajara,Mexico
U002935,university of guanajuato,University of Guanajuato,Mexico
U002941,university of hail,University of Hail,Saudi Arabia
U002942,university of hamburg,University of Hamburg,Germany
U002948,university of health sciences turkey,"University of Health Sciences, Turkey",Turkey
U002952,university of home economics lahore,University of Home Economics Lahore,Pakistan
U002956,university of hradec kralove,University of Hradec Kralove,Czech Republic
U002965,university of illinois at chicago,University of Illinois at Chicago (UIC),United States
U002966,university of illinois at urbana champaign,University of Illinois at Urbana-Champaign,United States
U002970,university of innsbruck,University of Innsbruck,Austria
U002976,university of jaen,University of Jaén,Spain
U002995,university of kiel,University of Kiel,Germany
U003003,university of la costa,University of la Costa,Colombia
U003004,university of la frontera,University of La Frontera,Chile
U003005,university of la laguna,University of La Laguna,Spain
U003006,university of la sabana,University of La Sabana,Colombia
U003011,university of lampung,University of Lampung,Indonesia
U003013,university of las americas,University of Las Américas (UDLA),Ecuador
U003014,university of las palmas de gran canaria,University of Las Palmas de Gran Canaria,Spain
U003019,university of leoben,University of Leoben,Austria
U003020,university of leon,University of León,Spain
U003025,university of lille,University of Lille,France
U003031,university of lleida,University of Lleida,Spain
U003032,university of lodz,University of Lodz,Poland
U003033,university of lorraine,University of Lorraine,France
U003034,university of los lagos,University of Los Lagos,Chile
U003041,university of magallanes,University of Magallanes,Chile
U003042,university of malaga,University of Malaga,Spain
U003050,university of manouba,University of Manouba,Tunisia
U003052,university of marburg,University of Marburg,Germany
U003054,university of marrakech cadi ayyad,University of Marrakech Cadi Ayyad,Morocco
U003057,university of mascara,University of Mascara,Algeria
U003058,university of massachusetts,University of Massachusetts,United States
U003064,university of medea,University of Medea,Algeria
U003065,university of medellin,University of Medellín,Colombia
U003066,university of medicine and pharmacy carol davila,University of Medicine and Pharmacy Carol Davila,Romania
U003068,university of melbourne,University of Melbourne,Australia
U003072,university of michigan ann arbor,University of Michigan-Ann Arbor,United States
U003074,university of milan bicocca,University of Milan-Bicocca,Italy
U003078,university of minnesota twin cities,University of Minnesota Twin Cities,United States
U003082,university of missouri columbia,"University of Missouri, Columbia",United States
U003084,university of missouri saint louis,University of Missouri Saint Louis,United States
U003089,university of mohamed lamine debaghin setif 2,University of Mohamed Lamine Debaghin Setif 2,Algeria
U003093,university of montana missoula,University of Montana Missoula ,United States
U003096,university of montreal,University of Montreal,Canada
U003101,university of murcia,University of Murcia,Spain
U003107,university of naples parthenope,University of Naples Parthenope,Italy
U003108,university of navarra,University of Navarra,Spain
U003110,university of nebraska medical center,University of Nebraska Medical Center,United States
U003114,university of new brunswick unb,University of New Brunswick UNB,Canada
U003115,university of new england australia,University of New England Australia,Australia
U003118,university of newcastle,University of Newcastle,Australia
U003120,university of nigeria nsukka,University of Nigeria Nsukka,Nigeria
U003122,university of nis,University of Niš,Serbia
U003126,university of north carolina chapel hill,"University of North Carolina, Chapel Hill",United States
U003147,university of oum el bouaghi,University of Oum El Bouaghi,Algeria
U003148,university of oviedo,University of Oviedo,Spain
U003156,university of passo fundo,University of Passo Fundo (UPF),Brazil
U003158,university of pau and pays de ladour,University of Pau and Pays de l’Adour,France
U003163,university of pernambuco,University of Pernambuco,Brazil
U003166,university of petra,University of Petra,Jordan
U003171,university of pittsburgh pittsburgh campus,University of Pittsburgh-Pittsburgh campus,United States
U003175,university of porto,University of Porto,Portugal
U003181,university of professional studies accra,"University of Professional Studies, Accra",Ghana
U003182,university of puerto rico,University of Puerto Rico,Puerto Rico
U003189,university of rennes 1,University of Rennes 1,France
U003194,university of rome ii tor vergata,University of Rome II – Tor Vergata,Italy
U003195,university of rome iii,University of Rome III,Italy
U003199,university of saida,University of Saida,Algeria
U003201,university of salamanca,University of Salamanca,Spain
U003208,university of san martin de porres,University of San Martín de Porres,Peru
U003210,university of santander,University of Santander,Colombia
U003211,university of santiago chile,"University of Santiago, Chile (USACH)",Chile
U003212,university of santiago de compostela,University of Santiago de Compostela,Spain
U003214,university of sao paulo,University of São Paulo,Brazil
U003221,university of science and technology of oran mohamed boudiaf,University of Science and Technology of Oran Mohamed-Boudiaf,Algeria
U003225,university of seville,University of Seville,Spain
U003236,university of sonora,University of Sonora,Mexico
U003238,university of souk ahras,University of Souk Ahras,Algeria
U003243,university of south bohemia,University of South Bohemia,Czech Republic
U003246,university of south carolina columbia,University of South Carolina-Columbia,United States
U003250,university of south santa catarina,University of South Santa Catarina (Unisul),Brazil
U003262,university of strasbourg,University of Strasbourg,France
U003266,university of sufism and modern sciences,University of Sufism and Modern Sciences (USMS),Pakistan
U003283,university of technology of compiegne,University of Technology of Compiègne,France
U003284,university of technology of troyes,University of Technology of Troyes,France
U003287,university of telafer,University of Telafer,Iraq
U003288,university of texas at arlington,University of Texas at Arlington,United States
U003289,university of texas at austin,University of Texas at Austin,United States
U003290,university of texas at dallas,University of Texas at Dallas,United States
U003291,university of texas at el paso,University of Texas at El Paso,United States
U003292,university of texas at san antonio,University of Texas at San Antonio,United States
U003293,university of texas dallas,University of Texas Dallas,United States
U003294,university of texas el paso,University of Texas El Paso ,United States
U003295,university of texas rio grande valley,University of Texas Rio Grande Valley,United States
U003297,university of the andes chile,"University of the Andes, Chile",Chile
U003298,university of the andes colombia,"University of the Andes, Colombia",Colombia
U003299,university of the andes venezuela,"University of the Andes, Venezuela",Venezuela
U003301,university of the balearic islands,University of the Balearic Islands,Spain
U003305,university of the north colombia,"University of the North, Colombia",Colombia
U003307,university of the peloponnese,University of the Peloponnese,Greece
U003308,university of the philippines,University of the Philippines,Philippines
U003319,university of thi qar,University of Thi-Qar,Iraq
U003322,university of toulouse,University of Toulouse,France
U003323,university of tours,University of Tours,France
U003329,university of troms the arctic university of norway,University of Tromsø The Arctic University of Norway,Norway
U003333,university of tunis,University of Tunis,Tunisia
U003334,university of tunis el manar,University of Tunis El Manar,Tunisia
U003337,university of tuscia,University of Tuscia,Italy
U003342,university of urbino carlo bo,University of Urbino Carlo Bo,Italy
U003346,university of vale do itajai,University of Vale do Itajaí,Brazil
U003347,university of valencia,University of Valencia,Spain
U003348,university of valladolid,University of Valladolid,Spain
U003352,university of veterinary and animal sciences lahore,"University of Veterinary and Animal Sciences, Lahore",Pakistan
U003353,university of veterinary medicine and pharmacy in kosice,University of Veterinary Medicine and Pharmacy in Košice,Slovakia
U003354,university of vic central university of catalonia,University of Vic – Central University of Catalonia,Spain
U003357,university of vigo,University of Vigo,Spain
U003362,university of warith alanbiyaa,University of Warith Alanbiyaa,Iraq
U003369,university of west bohemia,University of West Bohemia ,Czech Republic
U003377,university of witwatersrand,University of Witwatersrand,South Africa
U003382,university of wroclaw,University of Wroclaw,Poland
U003391,university of zaragoza,University of Zaragoza,Spain
U003395,university paris 2 pantheon assas,University Paris 2 Panthéon-Assas,France
U003396,university politehnica of bucharest,University POLITEHNICA of Bucharest,Romania
U003397,university politehnica of timisoara upt,"University Politehnica of Timisoara, UPT",Romania
U003398,university rey juan carlos,University Rey Juan Carlos,Spain
U003399,university ulm,University Ulm,Germany
U003400,unnoba,UNNOBA,Argentina
U003402,upes,UPES,India
U003405,ural federal university urfu,Ural Federal University - UrFU,Russia
U003412,uruk university,Uruk University,Iraq
U003413,usak university,Uşak University,Turkey
U003414,usamv cluj napoca,USAMV Cluj-Napoca,Romania
U003415,usi universita della svizzera italiana,USI - Università della Svizzera italiana,Switzerland
U003417,usmanu danfodiyo university sokoto,"Usmanu Danfodiyo University, Sokoto",Nigeria
U003422,uzbekistan state university of world languages,Uzbekistan State University of World Languages,Uzbekistan
U003427,van yuzuncu yil university,Van Yüzüncü Yil University,Turkey
U003432,vasyl stefanyk precarpathian national university,Vasyl Stefanyk Precarpathian National University,Ukraine
U003434,vellore institute of technology,Vellore Institute of Technology (VIT),India
U003435,veltech university,Veltech University,India
U003436,veritas university abuja,"Veritas University, Abuja",Nigeria
U003437,verona university,Verona University,Italy
U003440,viet nam national university ho chi minh city,Viet Nam National University Ho Chi Minh City (VNU-HCM),Vietnam
U003443,vignans foundation for science technology and research,"Vignan’s Foundation for Science, Technology and Research",India
U003444,vila velha university,Vila Velha University,Brazil
U003447,vinayaka missions research foundation,Vinayaka Mission’s Research Foundation,India
U003449,virginia polytechnic institute and state university,Virginia Polytechnic Institute and State University,United States
U003452,visvesvaraya national institute of technology nagpur,"Visvesvaraya National Institute of Technology, Nagpur",India
U003454,vit university,VIT University,India
U003470,warsaw university of life sciences sggw,Warsaw University of Life Sciences – SGGW (WULS-SGGW),Poland
U003475,wasit university,Wasit University,Iraq
U003492,westfalische wilhelms universitat munster,Westfälische Wilhelms-Universität Münster ,Germany
U003493,whu beisheim,WHU: Beisheim,Germany
U003499,wrexham glyndwr university,Wrexham Glyndwr University,United Kingdom
U003504,wroclaw university of science and technology,Wroclaw University of Science and Technology (WRUST),Poland
U003505,wsb academy,WSB Academy,Poland
U003515,xuzhou medical university,Xuzhou Medical University,China
U003516,yagshigeldi kakayev international university of oil and gas,Yagshigeldi Kakayev International University of Oil and Gas,Turkmenistan
U003534,yildiz technical university,Yildiz Technical University,Turkey
U003546,yusuf maitama sule university kano,"Yusuf Maitama Sule University, Kano",Nigeria
U003560,zhetysu university,Zhetysu University,Kazakhstan
U003565,zurcher hochschule winterthur,Zürcher Hochschule Winterthur,Switzerland
